{"cameraMode":{"drawMode":0,"name":"Shaded","section":"Shading Mode"},"sceneLighting":true,"audioPlay":false,"sceneViewState":{"showFog":true,"showMaterialUpdate":false,"showSkybox":true,"showFlares":true,"showImageEffects":true,"showParticleSystems":true},"in2DMode":false,"pivot":{"x":0.6874699592590332,"y":-0.056297969073057178,"z":0.5058987736701965},"rotation":{"x":0.0398695133626461,"y":-0.029971659183502198,"z":0.0011963789584115148,"w":0.9987552165985107},"size":0.19628927111625672,"orthographic":false}