{"cameraMode":{"drawMode":0,"name":"Shaded","section":"Shading Mode"},"sceneLighting":false,"audioPlay":false,"sceneViewState":{"showFog":true,"showMaterialUpdate":false,"showSkybox":false,"showFlares":true,"showImageEffects":true,"showParticleSystems":true},"in2DMode":false,"pivot":{"x":-0.15999948978424073,"y":0.4063350558280945,"z":0.4517696499824524},"rotation":{"x":0.12143580615520477,"y":0.6353031992912293,"z":-0.10207431763410568,"w":0.7557981014251709},"size":3.4853458404541017,"orthographic":false}