{"cameraMode":{"drawMode":0,"name":"Shaded","section":"Shading Mode"},"sceneLighting":true,"audioPlay":false,"sceneViewState":{"showFog":true,"showMaterialUpdate":false,"showSkybox":true,"showFlares":true,"showImageEffects":true,"showParticleSystems":true},"in2DMode":false,"pivot":{"x":2171.0849609375,"y":244.03997802734376,"z":0.0},"rotation":{"x":0.1688867211341858,"y":-0.035478200763463977,"z":0.006086162757128477,"w":0.9849855899810791},"size":341.97808837890627,"orthographic":false}