{"cameraMode":{"drawMode":0,"name":"Shaded","section":"Shading Mode"},"sceneLighting":true,"audioPlay":false,"sceneViewState":{"showFog":true,"showMaterialUpdate":false,"showSkybox":false,"showFlares":true,"showImageEffects":true,"showParticleSystems":true},"in2DMode":false,"pivot":{"x":-0.031314171850681308,"y":0.06740625202655792,"z":0.5160154104232788},"rotation":{"x":0.015683675184845926,"y":0.9327622056007385,"z":-0.35782957077026369,"w":0.040882013738155368},"size":21570.255859375,"orthographic":false}